{"cameraMode":{"drawMode":0,"name":"Shaded","section":"Shading Mode"},"sceneLighting":true,"audioPlay":false,"sceneViewState":{"m_AlwaysRefresh":false,"showFog":true,"showSkybox":true,"showFlares":true,"showImageEffects":true,"showParticleSystems":true,"showVisualEffectGraphs":true,"m_FxEnabled":true},"in2DMode":false,"pivot":{"x":0.09935420751571655,"y":2.7192840576171877,"z":-7.935372352600098},"rotation":{"x":-0.27930259704589846,"y":-0.06848853826522827,"z":0.019979218021035196,"w":-0.9575562477111816},"size":2.253039598464966,"orthographic":false}